url,notes
,no external links in candidates
https://readesh.com/why-you-should-consult-a-personal-injury-lawyer-after-an-accident/,https://www.awaxmanlaw.ca/personal-injury
https://digestley.com/the-importance-of-evidence-in-car-accident-cases-how-your-lawyer-can-help/,https://www.injurylawyernyc.com/car-accidents/
https://mcnezu.com/real-estate-lawyer-why-you-need-one-and-tips-for-choosing-the-right-fit/,https://www.best-us-lawyers.com/lawyers/real-estate/
https://businessvert.com/immigration-lawyers-in-spain-navigating-legal-complexities-with-expert-guidance/,https://nodisea.com/
https://webgoodread.com/essential-tips-for-handling-real-estate-deals-amid-personal-changes/,https://sovanett.com/buy/
https://writingley.com/serious-traffic-violation-you-need-a-lawyer-who-delivers/,https://trafficlawguys.com/criminal-traffic-violations/reckless-driving/
https://writeminer.com/when-you-need-a-personal-injury-lawyer/,https://knutsoncasey.com/minneapolis/
https://homevotel.com/key-professionals-you-need-for-a-successful-multi-family-housing-project/,https://slatenconstruction.com/multi-family-housing-builders-los-angeles-ca/
,no external links in candidates
https://magazinecamp.com/helping-you-support-communication-development/,https://koolkatts.com.au/therapies/speech-pathology/
https://smagazinego.com/questions-to-ask-a-car-accident-lawyer-before-hiring-them/,https://baumgartnerlawyers.com/houston-car-accident-lawyer/
https://newsstact.com/business-crime-what-to-do-when-the-law-pursues-you/,https://marriottoliver.com.au//lawyer-services-nowra/business-commercial-transactions/
https://mindspaper.com/9-ways-a-local-business-lawyer-can-help-protect-your-company/,https://chicagobusinessattorneys.net/
https://fjreo.com/how-to-decide-if-you-need-a-lawyer-after-a-car-accident/,https://mayfirm.com/california-car-accident-lawyers/
,no external links in candidates
https://readox.uk/lawskar-fintech-lawyers-and-crypto-lawyers-driving-global-business-growth/,https://www.lawskar.com/crypto-license/
,no external links in candidates
https://wordify.uk/turkish-citizenship-through-investment-what-uk-investors-need-to-know/,https://unsplash.com/photos/a-large-building-with-towers-and-domes-with-hagia-sophia-in-the-background-dRg-ESMnBrI
,no external links in candidates
,no relevant post
https://nuturahey.com/how-thca-turns-into-thc-the-role-of-heat-and-time/,https://upliftcbdco.com/premium-thca-pre-rolls/
,no relevant post
https://lawblink.com/cns-gillick-legal-do-you-need-a-contract-lawyer-in-san-diego-heres-how-to-know-contract-lawyer-san-diego/,https://gillicklegal.com/service/business-litigation/
,no external links in candidates
https://studiostylee.com/the-ultimate-guide-to-packing-for-a-london-trip/,https://clubsinlondon.com/2024/10/06/the-scotch-of-st-james-london-dress-code/
https://lawgaze.com/how-a-drunk-driving-accident-lawyer-from-ams-law-group-can-help-prove-fault/,https://www.dfwinjury.com/dallas-drunk-driving-accident-lawyer/
https://wearmart.ae/how-to-use-an-ai-paraphraser-to-reword-content-without-plagiarism/,https://www.oreateai.com/home/ai-paraphraser
https://ahomeguru.com/building-greener-the-role-of-pre-fabricated-wall-panels-in-sustainable-development/,https://www.redbuilt.com/
